{"cameraMode":{"drawMode":0,"name":"Shaded","section":"Shading Mode"},"sceneLighting":true,"audioPlay":false,"sceneViewState":{"showFog":true,"showMaterialUpdate":false,"showSkybox":true,"showFlares":true,"showImageEffects":true,"showParticleSystems":true},"in2DMode":false,"pivot":{"x":6.667825222015381,"y":-3.9303784370422365,"z":86.90650177001953},"rotation":{"x":-0.13814952969551087,"y":0.6445057392120361,"z":-0.12123456597328186,"w":-0.7424685955047607},"size":0.033974647521972659,"orthographic":false}